Pages,Type,Weight,Binding
20,Short Stories,241,Glued
20,Short Stories,247,Glued
21,Short Stories,250,Glued
27,Short Stories,251,Glued
27,Short Stories,265,Glued
27,Short Stories,267,Glued
28,Short Stories,268,Glued
28,Short Stories,268,Glued
28,Short Stories,270,Glued
28,Short Stories,270,Glued
28,Short Stories,270,Glued
28,Short Stories,272,Glued
29,Short Stories,275,Glued
29,Short Stories,277,Glued
29,Short Stories,277,Glued
29,Short Stories,277,Glued
29,Short Stories,278,Glued
30,Short Stories,279,Glued
30,Short Stories,281,Glued
30,Short Stories,281,Glued
30,Short Stories,282,Glued
30,Short Stories,285,Glued
30,Short Stories,286,Glued
30,Short Stories,288,Glued
31,Short Stories,289,Glued
31,Short Stories,289,Glued
31,Short Stories,289,Glued
31,Short Stories,290,Glued
31,Short Stories,291,Glued
31,Short Stories,292,Glued
31,Short Stories,292,Glued
31,Short Stories,293,Glued
31,Short Stories,295,Glued
32,Short Stories,295,Glued
32,Short Stories,295,Glued
32,Short Stories,296,Glued
32,Short Stories,296,Glued
32,Short Stories,296,Glued
32,Short Stories,296,Glued
33,Short Stories,298,Glued
33,Short Stories,299,Glued
33,Short Stories,300,Glued
33,Short Stories,300,Glued
34,Short Stories,300,Glued
34,Short Stories,300,Glued
34,Short Stories,300,Glued
34,Short Stories,300,Glued
34,Short Stories,301,Glued
34,Short Stories,302,Glued
34,Short Stories,303,Glued
34,Short Stories,304,Glued
34,Short Stories,304,Glued
34,Short Stories,304,Glued
34,Short Stories,305,Glued
35,Short Stories,305,Glued
35,Short Stories,306,Glued
35,Short Stories,306,Glued
35,Short Stories,306,Glued
35,Short Stories,307,Glued
35,Short Stories,307,Glued
35,Short Stories,308,Glued
35,Short Stories,308,Glued
35,Short Stories,309,Glued
35,Short Stories,309,Glued
35,Short Stories,310,Glued
35,Short Stories,310,Glued
35,Short Stories,311,Glued
35,Short Stories,311,Glued
35,Short Stories,311,Glued
36,Short Stories,312,Glued
36,Short Stories,313,Glued
36,Short Stories,313,Glued
36,Short Stories,313,Glued
36,Short Stories,314,Glued
36,Short Stories,314,Glued
36,Short Stories,315,Glued
36,Short Stories,315,Glued
36,Short Stories,315,Glued
36,Short Stories,316,Glued
36,Short Stories,318,Glued
36,Short Stories,318,Glued
36,Short Stories,318,Glued
36,Short Stories,318,Glued
36,Short Stories,318,Glued
36,Short Stories,318,Glued
36,Short Stories,318,Glued
36,Short Stories,319,Glued
36,Short Stories,320,Glued
36,Short Stories,320,Glued
36,Short Stories,320,Glued
36,Short Stories,320,Glued
37,Short Stories,320,Glued
37,Short Stories,321,Glued
37,Short Stories,321,Glued
37,Short Stories,322,Glued
37,Short Stories,322,Glued
37,Short Stories,322,Glued
37,Short Stories,322,Glued
37,Short Stories,322,Glued
37,Short Stories,322,Glued
37,Short Stories,323,Glued
37,Short Stories,323,Glued
37,Short Stories,323,Glued
37,Short Stories,324,Glued
37,Short Stories,324,Glued
37,Short Stories,325,Glued
37,Short Stories,326,Glued
37,Short Stories,326,Glued
37,Short Stories,327,Glued
37,Short Stories,328,Glued
37,Short Stories,328,Glued
37,Short Stories,328,Glued
37,Short Stories,328,Glued
38,Short Stories,329,Glued
38,Short Stories,330,Glued
38,Short Stories,330,Glued
38,Short Stories,331,Glued
38,Short Stories,331,Glued
38,Short Stories,331,Glued
38,Short Stories,332,Glued
38,Short Stories,332,Glued
38,Short Stories,333,Glued
38,Short Stories,333,Glued
38,Short Stories,333,Glued
38,Short Stories,333,Glued
38,Short Stories,333,Glued
38,Short Stories,333,Glued
38,Short Stories,333,Glued
38,Short Stories,333,Glued
38,Short Stories,334,Glued
38,Short Stories,335,Glued
38,Short Stories,335,Glued
38,Short Stories,336,Glued
39,Short Stories,336,Glued
39,Short Stories,336,Glued
39,Short Stories,336,Glued
39,Short Stories,336,Glued
39,Short Stories,336,Glued
39,Short Stories,336,Glued
39,Short Stories,337,Glued
39,Short Stories,337,Glued
39,Short Stories,337,Glued
39,Short Stories,337,Glued
39,Short Stories,337,Glued
39,Short Stories,338,Glued
39,Short Stories,338,Glued
39,Short Stories,338,Glued
39,Short Stories,338,Glued
39,Short Stories,338,Glued
39,Short Stories,338,Glued
39,Short Stories,339,Glued
39,Short Stories,339,Glued
39,Short Stories,339,Glued
40,Short Stories,340,Glued
40,Short Stories,340,Glued
40,Short Stories,340,Glued
40,Short Stories,340,Glued
40,Short Stories,340,Glued
40,Short Stories,340,Glued
40,Short Stories,340,Glued
40,Short Stories,341,Glued
40,Short Stories,341,Glued
40,Short Stories,341,Glued
40,Short Stories,341,Glued
40,Short Stories,341,Glued
40,Short Stories,341,Glued
40,Short Stories,342,Glued
40,Short Stories,342,Glued
40,Short Stories,342,Glued
40,Short Stories,342,Glued
40,Short Stories,343,Glued
40,Short Stories,343,Glued
40,Short Stories,343,Glued
40,Short Stories,343,Glued
40,Short Stories,343,Glued
40,Short Stories,343,Glued
40,Short Stories,343,Glued
40,Short Stories,343,Glued
40,Short Stories,343,Glued
40,Short Stories,344,Glued
40,Short Stories,344,Glued
40,Short Stories,344,Glued
40,Short Stories,344,Glued
41,Short Stories,345,Glued
41,Short Stories,345,Glued
41,Short Stories,345,Glued
41,Short Stories,345,Glued
41,Short Stories,346,Glued
41,Short Stories,346,Glued
41,Short Stories,346,Glued
41,Short Stories,346,Glued
41,Short Stories,346,Glued
41,Short Stories,346,Glued
41,Short Stories,346,Glued
41,Short Stories,346,Glued
41,Short Stories,346,Glued
41,Short Stories,346,Glued
41,Short Stories,346,Glued
41,Short Stories,346,Glued
41,Short Stories,347,Glued
41,Short Stories,347,Glued
41,Short Stories,347,Glued
41,Short Stories,347,Glued
41,Short Stories,348,Glued
41,Short Stories,348,Glued
41,Short Stories,348,Glued
41,Short Stories,348,Glued
41,Short Stories,348,Glued
41,Short Stories,348,Glued
41,Short Stories,348,Glued
41,Short Stories,349,Glued
41,Short Stories,349,Glued
41,Short Stories,349,Glued
41,Short Stories,349,Glued
42,Short Stories,349,Glued
42,Short Stories,349,Glued
42,Short Stories,349,Glued
42,Short Stories,350,Glued
42,Short Stories,350,Glued
42,Short Stories,350,Glued
42,Short Stories,350,Glued
42,Short Stories,350,Glued
42,Short Stories,350,Glued
42,Short Stories,350,Glued
42,Short Stories,351,Glued
42,Short Stories,351,Glued
42,Short Stories,351,Glued
42,Short Stories,352,Glued
42,Short Stories,352,Glued
42,Short Stories,352,Glued
42,Short Stories,352,Glued
42,Short Stories,352,Glued
42,Short Stories,352,Glued
42,Short Stories,352,Glued
42,Short Stories,352,Glued
42,Short Stories,352,Glued
42,Short Stories,352,Glued
42,Short Stories,352,Glued
42,Short Stories,353,Glued
42,Short Stories,353,Glued
42,Short Stories,353,Glued
42,Short Stories,353,Glued
43,Short Stories,353,Glued
43,Short Stories,353,Glued
43,Short Stories,353,Glued
43,Short Stories,353,Glued
43,Short Stories,353,Glued
43,Short Stories,354,Glued
43,Short Stories,354,Glued
43,Short Stories,354,Glued
43,Short Stories,354,Glued
43,Short Stories,354,Glued
43,Short Stories,355,Glued
43,Short Stories,355,Glued
43,Short Stories,355,Glued
43,Short Stories,355,Glued
43,Short Stories,355,Glued
43,Short Stories,355,Glued
43,Short Stories,355,Glued
43,Short Stories,355,Glued
43,Short Stories,355,Glued
43,Short Stories,356,Glued
43,Short Stories,356,Glued
43,Short Stories,356,Glued
43,Short Stories,356,Glued
43,Short Stories,356,Glued
43,Short Stories,356,Glued
43,Short Stories,356,Glued
43,Short Stories,356,Glued
43,Short Stories,356,Glued
43,Short Stories,357,Glued
43,Short Stories,357,Glued
43,Short Stories,357,Glued
43,Short Stories,357,Glued
43,Short Stories,357,Glued
43,Short Stories,357,Glued
43,Short Stories,357,Glued
43,Short Stories,357,Glued
43,Short Stories,357,Glued
43,Short Stories,358,Glued
43,Short Stories,358,Glued
43,Short Stories,358,Glued
43,Short Stories,358,Glued
44,Short Stories,358,Glued
44,Short Stories,359,Glued
44,Short Stories,359,Glued
44,Short Stories,359,Glued
44,Short Stories,359,Glued
44,Short Stories,359,Glued
44,Short Stories,359,Glued
44,Short Stories,359,Glued
44,Short Stories,359,Glued
44,Short Stories,359,Glued
44,Short Stories,360,Glued
44,Short Stories,360,Glued
44,Short Stories,360,Glued
44,Short Stories,361,Glued
44,Short Stories,361,Glued
44,Short Stories,361,Glued
44,Short Stories,361,Glued
44,Short Stories,361,Glued
44,Short Stories,361,Glued
44,Short Stories,361,Glued
44,Short Stories,361,Glued
44,Short Stories,361,Glued
44,Short Stories,362,Glued
44,Short Stories,362,Glued
44,Short Stories,362,Glued
44,Short Stories,362,Glued
44,Short Stories,362,Glued
44,Short Stories,362,Glued
45,Short Stories,362,Glued
45,Short Stories,362,Glued
45,Short Stories,362,Glued
45,Short Stories,362,Glued
45,Short Stories,363,Glued
45,Short Stories,363,Glued
45,Short Stories,363,Glued
45,Short Stories,363,Glued
45,Short Stories,363,Glued
45,Short Stories,363,Glued
45,Short Stories,363,Glued
45,Short Stories,364,Glued
45,Short Stories,364,Glued
45,Short Stories,364,Glued
45,Short Stories,364,Glued
45,Short Stories,364,Glued
45,Short Stories,364,Glued
45,Short Stories,364,Glued
45,Short Stories,364,Glued
45,Short Stories,365,Glued
45,Short Stories,365,Glued
45,Short Stories,365,Glued
45,Short Stories,365,Glued
45,Short Stories,365,Glued
45,Short Stories,365,Glued
45,Short Stories,365,Glued
45,Short Stories,365,Glued
45,Short Stories,366,Glued
45,Short Stories,366,Glued
45,Short Stories,366,Glued
45,Short Stories,366,Glued
46,Short Stories,366,Glued
46,Short Stories,366,Glued
46,Short Stories,366,Glued
46,Short Stories,366,Glued
46,Short Stories,367,Glued
46,Short Stories,367,Glued
46,Short Stories,367,Glued
46,Short Stories,367,Glued
46,Short Stories,367,Glued
46,Short Stories,367,Glued
46,Short Stories,367,Glued
46,Short Stories,367,Glued
46,Short Stories,368,Glued
46,Short Stories,368,Glued
46,Short Stories,368,Glued
46,Short Stories,368,Glued
46,Short Stories,368,Glued
46,Short Stories,369,Glued
46,Short Stories,369,Glued
46,Short Stories,369,Glued
46,Short Stories,369,Glued
46,Short Stories,369,Glued
46,Short Stories,369,Glued
46,Short Stories,369,Glued
46,Short Stories,369,Glued
46,Short Stories,369,Glued
46,Short Stories,369,Glued
46,Short Stories,369,Glued
46,Short Stories,369,Glued
46,Short Stories,369,Glued
46,Short Stories,369,Glued
46,Short Stories,369,Glued
46,Short Stories,369,Glued
46,Short Stories,369,Glued
46,Short Stories,370,Glued
46,Short Stories,370,Glued
47,Short Stories,370,Glued
47,Short Stories,370,Glued
47,Short Stories,370,Glued
47,Short Stories,370,Glued
47,Short Stories,370,Glued
47,Short Stories,370,Glued
47,Short Stories,370,Glued
47,Short Stories,370,Glued
47,Short Stories,370,Glued
47,Short Stories,370,Glued
47,Short Stories,370,Glued
47,Short Stories,370,Glued
47,Short Stories,370,Glued
47,Short Stories,370,Glued
47,Short Stories,371,Glued
47,Short Stories,371,Glued
47,Short Stories,371,Glued
47,Short Stories,371,Glued
47,Short Stories,371,Glued
47,Short Stories,371,Glued
47,Short Stories,371,Glued
47,Short Stories,371,Glued
47,Short Stories,371,Glued
47,Short Stories,371,Glued
47,Short Stories,371,Glued
47,Short Stories,371,Glued
47,Short Stories,371,Glued
47,Short Stories,372,Glued
47,Short Stories,372,Glued
47,Short Stories,372,Glued
47,Short Stories,372,Glued
47,Short Stories,372,Glued
47,Short Stories,372,Glued
47,Short Stories,373,Glued
47,Short Stories,373,Glued
47,Short Stories,373,Glued
47,Short Stories,373,Glued
47,Short Stories,373,Glued
48,Short Stories,373,Glued
48,Short Stories,374,Glued
48,Short Stories,374,Glued
48,Short Stories,374,Glued
48,Short Stories,374,Glued
48,Short Stories,374,Glued
48,Short Stories,374,Glued
48,Short Stories,374,Glued
48,Short Stories,374,Glued
48,Short Stories,374,Glued
48,Short Stories,374,Glued
48,Short Stories,374,Glued
48,Short Stories,374,Glued
48,Short Stories,374,Glued
48,Short Stories,374,Glued
48,Short Stories,374,Glued
48,Short Stories,374,Glued
48,Short Stories,374,Glued
48,Short Stories,374,Glued
48,Short Stories,375,Glued
48,Short Stories,375,Glued
48,Short Stories,375,Glued
48,Short Stories,375,Glued
48,Short Stories,375,Glued
48,Short Stories,375,Glued
48,Short Stories,375,Glued
48,Short Stories,375,Glued
48,Short Stories,375,Glued
48,Short Stories,375,Glued
48,Short Stories,375,Glued
48,Short Stories,375,Glued
48,Short Stories,375,Glued
48,Short Stories,375,Glued
48,Short Stories,376,Glued
48,Short Stories,376,Glued
48,Short Stories,376,Glued
48,Short Stories,376,Glued
49,Short Stories,376,Glued
49,Short Stories,377,Glued
49,Short Stories,377,Glued
49,Short Stories,377,Glued
49,Short Stories,377,Glued
49,Short Stories,377,Glued
49,Short Stories,377,Glued
49,Short Stories,377,Glued
49,Short Stories,377,Glued
49,Short Stories,377,Glued
49,Short Stories,377,Glued
49,Short Stories,378,Glued
49,Short Stories,378,Glued
49,Short Stories,378,Glued
49,Short Stories,378,Glued
49,Short Stories,378,Glued
49,Short Stories,378,Glued
49,Short Stories,378,Glued
49,Short Stories,378,Glued
49,Short Stories,378,Glued
49,Short Stories,378,Glued
49,Short Stories,378,Glued
49,Short Stories,378,Glued
49,Short Stories,379,Glued
49,Short Stories,379,Glued
49,Short Stories,379,Glued
49,Short Stories,379,Glued
49,Short Stories,379,Glued
49,Short Stories,379,Glued
49,Short Stories,379,Glued
49,Short Stories,379,Glued
49,Short Stories,379,Glued
49,Short Stories,380,Glued
49,Short Stories,380,Glued
49,Short Stories,380,Glued
49,Short Stories,380,Glued
49,Short Stories,380,Glued
50,Short Stories,381,Glued
50,Short Stories,381,Glued
50,Short Stories,381,Glued
50,Short Stories,381,Glued
50,Short Stories,381,Glued
50,Short Stories,381,Glued
50,Short Stories,381,Glued
50,Short Stories,381,Glued
50,Short Stories,381,Glued
50,Short Stories,381,Glued
50,Short Stories,381,Glued
50,Short Stories,381,Glued
50,Short Stories,381,Glued
50,Short Stories,381,Glued
50,Short Stories,381,Glued
50,Short Stories,381,Glued
50,Short Stories,381,Glued
50,Short Stories,382,Glued
50,Short Stories,382,Glued
50,Short Stories,382,Glued
50,Short Stories,382,Glued
50,Short Stories,382,Glued
50,Short Stories,382,Glued
50,Short Stories,382,Glued
50,Short Stories,382,Glued
50,Short Stories,382,Glued
50,Short Stories,382,Glued
50,Short Stories,382,Glued
50,Short Stories,382,Glued
50,Short Stories,382,Glued
50,Short Stories,383,Glued
50,Short Stories,383,Glued
50,Short Stories,383,Glued
50,Short Stories,383,Glued
50,Short Stories,383,Glued
50,Short Stories,383,Glued
50,Short Stories,383,Glued
50,Short Stories,383,Glued
51,Short Stories,383,Glued
51,Short Stories,383,Glued
51,Short Stories,383,Glued
51,Short Stories,383,Glued
51,Short Stories,383,Glued
51,Short Stories,384,Glued
51,Short Stories,384,Glued
51,Short Stories,384,Glued
51,Short Stories,384,Glued
51,Short Stories,384,Glued
51,Short Stories,384,Glued
51,Short Stories,384,Glued
51,Short Stories,384,Glued
51,Short Stories,384,Glued
51,Short Stories,384,Glued
51,Short Stories,384,Glued
51,Short Stories,384,Glued
51,Short Stories,384,Glued
51,Short Stories,384,Glued
51,Short Stories,384,Glued
51,Short Stories,384,Glued
51,Short Stories,384,Glued
51,Short Stories,384,Glued
51,Short Stories,384,Glued
51,Short Stories,385,Glued
51,Short Stories,385,Glued
51,Short Stories,385,Glued
51,Short Stories,385,Glued
51,Short Stories,385,Glued
51,Short Stories,385,Glued
51,Short Stories,385,Glued
51,Short Stories,385,Glued
51,Short Stories,385,Glued
51,Short Stories,385,Glued
51,Short Stories,385,Glued
51,Short Stories,385,Glued
51,Short Stories,385,Glued
51,Short Stories,385,Glued
51,Short Stories,385,Glued
51,Short Stories,385,Glued
51,Short Stories,386,Glued
51,Short Stories,386,Glued
51,Short Stories,386,Glued
51,Short Stories,386,Glued
51,Short Stories,386,Glued
52,Short Stories,386,Glued
52,Short Stories,386,Glued
52,Short Stories,387,Glued
52,Short Stories,387,Glued
52,Short Stories,387,Glued
52,Short Stories,387,Glued
52,Short Stories,387,Glued
52,Short Stories,387,Glued
52,Short Stories,387,Glued
52,Short Stories,387,Glued
52,Short Stories,387,Glued
52,Short Stories,387,Glued
52,Short Stories,387,Glued
52,Short Stories,387,Glued
52,Short Stories,388,Glued
52,Short Stories,388,Glued
52,Short Stories,388,Glued
52,Short Stories,388,Glued
52,Short Stories,388,Glued
52,Short Stories,388,Glued
52,Short Stories,388,Glued
52,Short Stories,388,Glued
52,Short Stories,388,Glued
52,Short Stories,388,Glued
52,Short Stories,388,Glued
52,Short Stories,388,Glued
52,Short Stories,389,Glued
52,Short Stories,389,Glued
52,Short Stories,389,Glued
52,Short Stories,389,Glued
52,Short Stories,389,Glued
52,Short Stories,389,Glued
52,Short Stories,389,Glued
52,Short Stories,389,Glued
52,Short Stories,389,Glued
52,Short Stories,389,Glued
52,Short Stories,389,Glued
52,Short Stories,389,Glued
52,Short Stories,389,Glued
52,Short Stories,390,Glued
52,Short Stories,390,Glued
52,Short Stories,390,Glued
52,Short Stories,390,Glued
52,Short Stories,390,Glued
52,Short Stories,390,Glued
52,Short Stories,390,Glued
52,Short Stories,391,Glued
53,Short Stories,391,Glued
53,Short Stories,391,Glued
53,Short Stories,391,Glued
53,Short Stories,391,Glued
53,Short Stories,391,Glued
53,Short Stories,391,Glued
53,Short Stories,391,Glued
53,Short Stories,391,Glued
53,Short Stories,391,Glued
53,Short Stories,391,Glued
53,Short Stories,391,Glued
53,Short Stories,391,Glued
53,Short Stories,391,Glued
53,Short Stories,391,Glued
53,Short Stories,391,Glued
53,Short Stories,391,Glued
53,Short Stories,392,Glued
53,Short Stories,392,Glued
53,Short Stories,392,Glued
53,Short Stories,392,Glued
53,Short Stories,392,Glued
53,Short Stories,392,Glued
53,Short Stories,392,Glued
53,Short Stories,392,Glued
53,Short Stories,392,Glued
53,Short Stories,392,Glued
53,Short Stories,392,Glued
53,Short Stories,392,Glued
53,Short Stories,392,Glued
53,Short Stories,392,Glued
53,Short Stories,392,Glued
53,Short Stories,393,Glued
53,Short Stories,393,Glued
53,Short Stories,393,Glued
53,Short Stories,393,Glued
53,Short Stories,393,Glued
53,Short Stories,393,Glued
53,Short Stories,393,Glued
54,Short Stories,393,Glued
54,Short Stories,393,Glued
54,Short Stories,393,Glued
54,Short Stories,393,Glued
54,Short Stories,393,Glued
54,Short Stories,393,Glued
54,Short Stories,394,Glued
54,Short Stories,394,Glued
54,Short Stories,394,Glued
54,Short Stories,394,Glued
54,Short Stories,394,Glued
54,Short Stories,394,Glued
54,Short Stories,394,Glued
54,Short Stories,394,Glued
54,Short Stories,394,Glued
54,Short Stories,394,Glued
54,Short Stories,394,Glued
54,Short Stories,394,Glued
54,Short Stories,394,Glued
54,Short Stories,394,Glued
54,Short Stories,395,Glued
54,Short Stories,395,Glued
54,Short Stories,395,Glued
54,Short Stories,395,Glued
54,Short Stories,395,Glued
54,Short Stories,395,Glued
54,Short Stories,395,Glued
54,Short Stories,395,Glued
54,Short Stories,395,Glued
54,Short Stories,395,Glued
54,Short Stories,395,Glued
54,Short Stories,395,Glued
54,Short Stories,396,Glued
54,Short Stories,396,Glued
54,Short Stories,396,Glued
54,Short Stories,396,Glued
54,Short Stories,396,Glued
54,Short Stories,396,Glued
55,Short Stories,396,Glued
55,Short Stories,396,Glued
55,Short Stories,396,Glued
55,Short Stories,396,Glued
55,Short Stories,396,Glued
55,Short Stories,396,Glued
55,Short Stories,396,Glued
55,Short Stories,397,Glued
55,Short Stories,397,Glued
55,Short Stories,397,Glued
55,Short Stories,397,Glued
55,Short Stories,397,Glued
55,Short Stories,397,Glued
55,Short Stories,397,Glued
55,Short Stories,397,Glued
55,Short Stories,397,Glued
55,Short Stories,397,Glued
55,Short Stories,397,Glued
55,Short Stories,397,Glued
55,Short Stories,397,Glued
56,Short Stories,397,Glued
56,Short Stories,397,Glued
56,Short Stories,397,Glued
56,Short Stories,397,Glued
56,Short Stories,397,Glued
56,Short Stories,397,Glued
56,Short Stories,397,Glued
56,Short Stories,397,Glued
56,Short Stories,397,Glued
56,Short Stories,397,Glued
56,Short Stories,397,Glued
56,Short Stories,398,Glued
56,Short Stories,398,Glued
56,Short Stories,398,Glued
56,Short Stories,398,Glued
56,Short Stories,398,Glued
56,Short Stories,398,Glued
56,Short Stories,398,Glued
56,Short Stories,398,Glued
56,Short Stories,398,Glued
56,Short Stories,399,Glued
56,Short Stories,399,Glued
56,Short Stories,399,Glued
56,Short Stories,399,Glued
56,Short Stories,399,Glued
56,Short Stories,399,Glued
56,Short Stories,399,Glued
56,Short Stories,400,Glued
56,Short Stories,400,Glued
56,Short Stories,400,Glued
56,Short Stories,400,Glued
56,Short Stories,400,Glued
56,Short Stories,400,Glued
56,Short Stories,400,Glued
57,Short Stories,400,Glued
57,Short Stories,400,Glued
57,Short Stories,400,Glued
57,Short Stories,400,Glued
57,Short Stories,400,Glued
57,Short Stories,400,Glued
57,Short Stories,400,Glued
57,Short Stories,400,Glued
57,Short Stories,401,Glued
57,Short Stories,401,Glued
57,Short Stories,401,Glued
57,Short Stories,401,Glued
57,Short Stories,401,Glued
57,Short Stories,401,Glued
57,Short Stories,401,Glued
57,Short Stories,401,Glued
57,Short Stories,401,Glued
57,Short Stories,401,Glued
57,Short Stories,401,Glued
57,Short Stories,402,Glued
57,Short Stories,402,Glued
57,Short Stories,402,Glued
57,Short Stories,402,Glued
57,Short Stories,402,Glued
57,Short Stories,402,Glued
57,Short Stories,402,Glued
57,Short Stories,402,Glued
57,Short Stories,402,Glued
58,Short Stories,402,Glued
58,Short Stories,402,Glued
58,Short Stories,402,Glued
58,Short Stories,403,Glued
58,Short Stories,403,Glued
58,Short Stories,403,Glued
58,Short Stories,403,Glued
58,Short Stories,403,Glued
58,Short Stories,403,Glued
58,Short Stories,403,Glued
58,Short Stories,403,Glued
58,Short Stories,403,Glued
58,Short Stories,403,Glued
58,Short Stories,403,Glued
58,Short Stories,403,Glued
58,Short Stories,403,Glued
58,Short Stories,403,Glued
58,Short Stories,404,Glued
58,Short Stories,404,Glued
58,Short Stories,404,Glued
58,Short Stories,404,Glued
58,Short Stories,404,Glued
59,Short Stories,404,Glued
59,Short Stories,404,Glued
59,Short Stories,404,Glued
59,Short Stories,404,Glued
59,Short Stories,404,Glued
59,Short Stories,404,Glued
59,Short Stories,404,Glued
59,Short Stories,404,Glued
59,Short Stories,404,Glued
59,Short Stories,404,Glued
59,Short Stories,404,Glued
59,Short Stories,405,Glued
59,Short Stories,405,Glued
59,Short Stories,405,Glued
59,Short Stories,405,Glued
59,Short Stories,405,Glued
59,Short Stories,405,Glued
59,Short Stories,405,Glued
59,Short Stories,406,Glued
59,Short Stories,406,Glued
59,Short Stories,406,Glued
59,Short Stories,406,Glued
59,Short Stories,406,Glued
59,Short Stories,406,Glued
59,Short Stories,406,Glued
59,Short Stories,406,Glued
59,Short Stories,406,Glued
59,Short Stories,406,Glued
60,Short Stories,406,Glued
60,Short Stories,406,Glued
60,Short Stories,406,Glued
60,Short Stories,406,Glued
60,Short Stories,406,Glued
60,Short Stories,406,Glued
60,Short Stories,406,Glued
60,Short Stories,407,Glued
60,Short Stories,407,Glued
60,Short Stories,407,Glued
60,Short Stories,407,Glued
60,Short Stories,407,Glued
60,Short Stories,407,Glued
60,Short Stories,407,Glued
60,Short Stories,408,Glued
60,Short Stories,408,Glued
60,Short Stories,408,Glued
60,Short Stories,408,Glued
60,Short Stories,408,Glued
60,Short Stories,408,Glued
60,Short Stories,408,Glued
60,Short Stories,408,Glued
60,Short Stories,408,Glued
60,Short Stories,408,Glued
60,Short Stories,408,Glued
61,Short Stories,408,Glued
61,Short Stories,408,Glued
61,Short Stories,408,Glued
61,Short Stories,408,Glued
61,Short Stories,408,Glued
61,Short Stories,408,Glued
61,Short Stories,409,Glued
61,Short Stories,409,Glued
61,Short Stories,409,Glued
61,Short Stories,409,Glued
61,Short Stories,409,Glued
61,Short Stories,409,Glued
61,Short Stories,409,Glued
61,Short Stories,409,Glued
61,Short Stories,410,Glued
61,Short Stories,410,Glued
62,Short Stories,410,Glued
62,Short Stories,410,Glued
62,Short Stories,410,Glued
62,Short Stories,410,Glued
62,Short Stories,410,Glued
62,Short Stories,411,Glued
62,Short Stories,411,Glued
62,Short Stories,411,Glued
62,Short Stories,411,Glued
62,Short Stories,411,Glued
62,Short Stories,411,Glued
62,Short Stories,411,Glued
62,Short Stories,411,Glued
62,Short Stories,411,Glued
62,Short Stories,411,Glued
62,Short Stories,411,Glued
62,Short Stories,411,Glued
63,Short Stories,411,Glued
63,Short Stories,411,Glued
63,Short Stories,411,Glued
63,Short Stories,411,Glued
63,Short Stories,411,Glued
63,Short Stories,412,Glued
63,Short Stories,412,Glued
63,Short Stories,412,Glued
63,Short Stories,412,Glued
63,Short Stories,412,Glued
63,Short Stories,412,Glued
63,Short Stories,412,Glued
63,Short Stories,412,Glued
63,Short Stories,413,Glued
63,Short Stories,413,Glued
63,Short Stories,413,Glued
63,Short Stories,413,Glued
63,Short Stories,413,Glued
63,Short Stories,413,Glued
63,Short Stories,414,Glued
64,Short Stories,414,Glued
64,Short Stories,414,Glued
64,Short Stories,414,Glued
64,Short Stories,414,Glued
64,Short Stories,414,Glued
64,Short Stories,415,Glued
64,Short Stories,415,Glued
64,Short Stories,415,Glued
64,Short Stories,415,Glued
64,Short Stories,415,Glued
64,Short Stories,415,Glued
64,Short Stories,415,Glued
64,Short Stories,415,Glued
64,Short Stories,415,Glued
64,Short Stories,415,Glued
64,Short Stories,415,Glued
65,Short Stories,415,Glued
65,Short Stories,415,Glued
65,Short Stories,415,Glued
65,Short Stories,415,Glued
65,Short Stories,415,Glued
65,Short Stories,415,Glued
65,Short Stories,416,Glued
65,Short Stories,416,Glued
65,Short Stories,416,Glued
65,Short Stories,416,Glued
65,Short Stories,416,Glued
65,Short Stories,416,Glued
65,Short Stories,416,Glued
65,Short Stories,416,Glued
66,Short Stories,417,Glued
66,Short Stories,417,Glued
66,Short Stories,417,Glued
66,Short Stories,417,Glued
66,Short Stories,417,Glued
66,Short Stories,417,Glued
66,Short Stories,417,Glued
66,Short Stories,417,Glued
66,Short Stories,417,Glued
66,Short Stories,417,Glued
67,Short Stories,418,Glued
67,Short Stories,418,Glued
67,Short Stories,418,Glued
67,Short Stories,418,Glued
67,Short Stories,418,Glued
67,Short Stories,418,Glued
67,Short Stories,418,Glued
67,Short Stories,418,Glued
67,Short Stories,418,Glued
68,Short Stories,418,Glued
68,Short Stories,419,Glued
68,Short Stories,419,Glued
68,Short Stories,419,Glued
68,Short Stories,419,Glued
68,Short Stories,419,Glued
68,Short Stories,419,Glued
68,Short Stories,419,Glued
68,Short Stories,419,Glued
68,Short Stories,419,Glued
68,Short Stories,419,Glued
69,Short Stories,419,Glued
69,Short Stories,419,Glued
69,Short Stories,419,Glued
69,Short Stories,419,Glued
69,Short Stories,419,Glued
70,Short Stories,419,Glued
70,Short Stories,419,Glued
70,Short Stories,420,Glued
70,Short Stories,420,Glued
70,Short Stories,420,Glued
70,Short Stories,420,Glued
71,Short Stories,420,Glued
71,Short Stories,420,Glued
71,Short Stories,420,Glued
71,Short Stories,420,Glued
71,Short Stories,421,Glued
72,Short Stories,421,Glued
72,Short Stories,421,Glued
72,Short Stories,421,Glued
72,Short Stories,421,Glued
72,Short Stories,421,Glued
73,Short Stories,421,Glued
73,Short Stories,421,Glued
73,Short Stories,421,Glued
73,Short Stories,421,Glued
74,Short Stories,421,Glued
74,Short Stories,422,Glued
75,Short Stories,422,Glued
76,Short Stories,422,Glued
76,Short Stories,422,Glued
77,Short Stories,422,Glued
79,Short Stories,422,Glued
79,Short Stories,422,Glued
79,Short Stories,422,Glued
337,Romance,422,Glued
338,Romance,422,Glued
343,Romance,422,Glued
343,Romance,422,Glued
344,Romance,422,Glued
346,Romance,423,Glued
347,Romance,423,Glued
347,Romance,423,Glued
347,Romance,423,Glued
349,Romance,423,Glued
350,Romance,423,Glued
351,Romance,423,Glued
352,Romance,423,Glued
352,Romance,423,Glued
352,Romance,423,Glued
353,Romance,423,Glued
353,Romance,423,Glued
353,Romance,423,Glued
354,Romance,423,Glued
354,Romance,423,Glued
355,Romance,423,Glued
355,Romance,423,Glued
357,Romance,423,Glued
357,Romance,424,Glued
357,Romance,424,Glued
358,Romance,424,Glued
358,Romance,424,Glued
358,Romance,424,Glued
359,Romance,424,Glued
359,Romance,424,Glued
360,Romance,424,Glued
360,Romance,424,Glued
360,Romance,424,Glued
360,Romance,424,Glued
363,Romance,424,Glued
363,Romance,424,Glued
363,Romance,424,Glued
363,Romance,424,Glued
364,Romance,425,Glued
364,Romance,425,Glued
364,Romance,425,Glued
364,Romance,425,Glued
365,Romance,425,Glued
365,Romance,425,Glued
365,Romance,425,Glued
365,Romance,425,Glued
365,Romance,425,Glued
366,Romance,425,Glued
366,Romance,425,Glued
366,Romance,425,Glued
367,Romance,425,Glued
367,Romance,425,Glued
367,Romance,426,Glued
367,Romance,426,Glued
367,Romance,426,Glued
368,Romance,426,Glued
368,Romance,426,Glued
368,Romance,426,Glued
368,Romance,426,Glued
368,Romance,426,Glued
368,Romance,426,Glued
369,Romance,426,Glued
369,Romance,427,Glued
369,Romance,427,Glued
369,Romance,427,Glued
369,Romance,427,Glued
369,Romance,427,Glued
369,Romance,427,Glued
370,Romance,427,Glued
370,Romance,427,Glued
370,Romance,427,Glued
370,Romance,427,Glued
370,Romance,427,Glued
370,Romance,428,Glued
371,Romance,428,Glued
371,Romance,428,Glued
371,Romance,428,Glued
371,Romance,428,Glued
371,Romance,428,Glued
371,Romance,428,Glued
371,Romance,428,Glued
372,Romance,428,Glued
372,Romance,429,Glued
372,Romance,429,Glued
372,Romance,429,Glued
372,Romance,429,Glued
372,Romance,429,Glued
372,Romance,429,Glued
372,Romance,429,Glued
372,Romance,429,Glued
373,Romance,429,Glued
373,Romance,429,Glued
373,Romance,429,Glued
373,Romance,429,Glued
373,Romance,430,Glued
373,Romance,430,Glued
373,Romance,430,Glued
373,Romance,430,Glued
374,Romance,430,Glued
374,Romance,430,Glued
374,Romance,430,Glued
374,Romance,430,Glued
375,Romance,431,Glued
375,Romance,431,Glued
375,Romance,431,Glued
375,Romance,431,Glued
375,Romance,431,Glued
375,Romance,431,Glued
375,Romance,431,Glued
375,Romance,431,Glued
375,Romance,432,Glued
375,Romance,432,Glued
375,Romance,432,Glued
375,Romance,432,Glued
375,Romance,432,Glued
375,Romance,432,Glued
375,Romance,432,Glued
375,Romance,432,Glued
376,Romance,432,Glued
376,Romance,432,Glued
376,Romance,432,Glued
376,Romance,432,Glued
376,Romance,433,Glued
376,Romance,433,Glued
376,Romance,433,Glued
376,Romance,433,Glued
377,Romance,433,Glued
377,Romance,433,Glued
377,Romance,434,Glued
377,Romance,434,Glued
377,Romance,434,Glued
377,Romance,434,Glued
377,Romance,435,Glued
377,Romance,435,Glued
377,Romance,435,Glued
377,Romance,435,Glued
377,Romance,435,Glued
378,Romance,435,Glued
378,Romance,436,Glued
378,Romance,436,Glued
378,Romance,436,Glued
378,Romance,436,Glued
378,Romance,437,Glued
378,Romance,437,Glued
378,Romance,437,Glued
378,Romance,437,Glued
378,Romance,437,Glued
378,Romance,437,Glued
378,Romance,437,Glued
379,Romance,437,Glued
379,Romance,437,Glued
379,Romance,437,Glued
379,Romance,437,Glued
379,Romance,438,Glued
379,Romance,438,Glued
379,Romance,438,Glued
379,Romance,438,Glued
379,Romance,438,Glued
380,Romance,438,Glued
380,Romance,438,Glued
380,Romance,438,Glued
380,Romance,439,Glued
380,Romance,439,Glued
380,Romance,439,Glued
380,Romance,439,Glued
380,Romance,439,Glued
380,Romance,439,Glued
380,Romance,439,Glued
380,Romance,439,Glued
380,Romance,439,Glued
380,Romance,439,Glued
380,Romance,439,Glued
380,Romance,439,Glued
381,Romance,439,Glued
381,Romance,440,Glued
381,Romance,440,Glued
381,Romance,440,Glued
381,Romance,440,Glued
381,Romance,440,Glued
381,Romance,441,Glued
381,Romance,441,Glued
381,Romance,441,Glued
381,Romance,441,Glued
381,Romance,441,Glued
381,Romance,441,Glued
381,Romance,441,Glued
381,Romance,441,Glued
381,Romance,441,Glued
382,Romance,441,Glued
382,Romance,441,Glued
382,Romance,441,Glued
382,Romance,442,Glued
382,Romance,442,Glued
382,Romance,442,Glued
382,Romance,442,Glued
382,Romance,442,Glued
382,Romance,442,Glued
382,Romance,442,Glued
382,Romance,442,Glued
382,Romance,442,Glued
382,Romance,443,Glued
382,Romance,443,Glued
382,Romance,443,Glued
382,Romance,443,Glued
382,Romance,443,Glued
382,Romance,444,Glued
382,Romance,444,Glued
382,Romance,444,Glued
382,Romance,444,Glued
383,Romance,444,Glued
383,Romance,444,Glued
383,Romance,444,Glued
383,Romance,444,Glued
383,Romance,444,Glued
383,Romance,444,Glued
383,Romance,445,Glued
383,Romance,445,Glued
383,Romance,445,Glued
383,Romance,445,Glued
383,Romance,445,Glued
383,Romance,445,Glued
383,Romance,446,Glued
384,Romance,446,Glued
384,Romance,446,Glued
384,Romance,446,Glued
384,Romance,446,Glued
384,Romance,446,Glued
384,Romance,446,Glued
384,Romance,446,Glued
384,Romance,446,Glued
384,Romance,446,Glued
384,Romance,446,Glued
384,Romance,446,Glued
384,Romance,446,Glued
384,Romance,447,Glued
384,Romance,447,Glued
384,Romance,447,Glued
385,Romance,447,Glued
385,Romance,447,Glued
385,Romance,447,Glued
385,Romance,447,Glued
385,Romance,448,Glued
385,Romance,448,Glued
385,Romance,448,Glued
385,Romance,448,Glued
385,Romance,448,Glued
385,Romance,448,Glued
385,Romance,448,Glued
385,Romance,449,Glued
385,Romance,449,Glued
385,Romance,449,Glued
386,Romance,449,Glued
386,Romance,449,Glued
386,Romance,449,Glued
386,Romance,449,Glued
386,Romance,449,Glued
386,Romance,449,Glued
386,Romance,449,Glued
386,Romance,449,Glued
386,Romance,449,Glued
386,Romance,450,Glued
386,Romance,450,Glued
386,Romance,450,Glued
386,Romance,450,Glued
386,Romance,450,Glued
386,Romance,451,Glued
386,Romance,451,Glued
386,Romance,451,Glued
386,Romance,451,Glued
386,Romance,452,Glued
387,Romance,452,Glued
387,Romance,453,Glued
387,Romance,453,Glued
387,Romance,453,Glued
387,Romance,453,Glued
387,Romance,453,Glued
387,Romance,453,Glued
387,Romance,454,Glued
387,Romance,454,Glued
387,Romance,454,Glued
387,Romance,454,Glued
387,Romance,454,Glued
387,Romance,454,Glued
387,Romance,454,Glued
387,Romance,454,Glued
387,Romance,454,Glued
387,Romance,454,Glued
387,Romance,454,Glued
387,Romance,455,Glued
387,Romance,455,Glued
387,Romance,455,Glued
387,Romance,455,Glued
387,Romance,456,Sewn
387,Romance,456,Glued
388,Romance,456,Glued
388,Romance,456,Glued
388,Romance,456,Glued
388,Romance,456,Glued
388,Romance,456,Glued
388,Romance,457,Glued
388,Romance,457,Glued
388,Romance,457,Glued
388,Romance,457,Glued
388,Romance,457,Glued
388,Romance,457,Glued
388,Romance,457,Glued
388,Romance,458,Glued
388,Romance,458,Glued
388,Romance,458,Glued
389,Romance,458,Glued
389,Romance,458,Glued
389,Romance,458,Glued
389,Romance,458,Glued
389,Romance,458,Glued
389,Romance,458,Glued
389,Romance,459,Glued
389,Romance,459,Glued
389,Romance,459,Glued
389,Romance,459,Glued
389,Romance,460,Glued
389,Romance,460,Glued
389,Romance,460,Glued
389,Romance,460,Glued
389,Romance,460,Glued
389,Romance,460,Glued
389,Romance,460,Glued
389,Romance,460,Glued
389,Romance,461,Glued
389,Romance,461,Glued
389,Romance,461,Glued
389,Romance,462,Glued
390,Romance,462,Glued
390,Romance,462,Glued
390,Romance,462,Glued
390,Romance,462,Glued
390,Romance,463,Glued
390,Romance,463,Glued
390,Romance,463,Glued
390,Romance,463,Glued
390,Romance,463,Glued
390,Romance,464,Glued
390,Romance,464,Glued
390,Romance,464,Glued
390,Romance,464,Glued
390,Romance,465,Glued
390,Romance,465,Glued
390,Romance,465,Glued
391,Romance,465,Glued
391,Romance,466,Glued
391,Romance,466,Glued
391,Romance,466,Glued
391,Romance,466,Glued
391,Romance,467,Glued
391,Romance,467,Glued
391,Romance,467,Glued
391,Romance,467,Glued
391,Romance,467,Glued
391,Romance,468,Sewn
391,Romance,468,Glued
391,Romance,468,Glued
391,Romance,468,Glued
391,Romance,468,Glued
391,Romance,469,Glued
391,Romance,469,Glued
392,Romance,469,Glued
392,Romance,469,Glued
392,Romance,470,Glued
392,Romance,470,Glued
392,Romance,470,Glued
392,Romance,470,Glued
392,Romance,470,Glued
392,Romance,470,Glued
392,Romance,471,Glued
392,Romance,471,Glued
392,Romance,471,Glued
392,Romance,471,Glued
392,Romance,473,Glued
392,Romance,473,Glued
392,Romance,473,Glued
392,Romance,473,Glued
392,Romance,473,Glued
392,Romance,474,Glued
392,Romance,474,Glued
392,Romance,474,Glued
392,Romance,475,Glued
393,Romance,475,Glued
393,Romance,475,Glued
393,Romance,475,Glued
393,Romance,475,Glued
393,Romance,476,Glued
393,Romance,476,Glued
393,Romance,476,Glued
393,Romance,476,Glued
393,Romance,476,Glued
393,Romance,477,Glued
393,Romance,477,Glued
393,Romance,478,Glued
393,Romance,478,Glued
393,Romance,479,Glued
393,Romance,479,Glued
393,Romance,479,Glued
393,Romance,480,Glued
393,Romance,480,Glued
393,Romance,480,Glued
393,Romance,480,Glued
393,Romance,480,Glued
394,Romance,481,Glued
394,Romance,481,Glued
394,Romance,482,Glued
394,Romance,482,Glued
394,Romance,482,Glued
394,Romance,482,Glued
394,Romance,482,Glued
394,Romance,482,Glued
394,Romance,482,Glued
394,Romance,483,Glued
394,Romance,483,Glued
394,Romance,483,Glued
394,Romance,483,Glued
394,Romance,484,Glued
394,Romance,484,Glued
394,Romance,484,Glued
394,Romance,485,Glued
394,Romance,485,Glued
394,Romance,485,Glued
394,Romance,486,Glued
394,Romance,487,Sewn
394,Romance,487,Glued
394,Romance,487,Glued
394,Romance,487,Glued
395,Romance,488,Glued
395,Romance,488,Glued
395,Romance,488,Glued
395,Romance,488,Glued
395,Romance,488,Glued
395,Romance,488,Glued
395,Romance,489,Glued
395,Romance,489,Glued
395,Romance,489,Glued
395,Romance,489,Glued
395,Romance,489,Glued
395,Romance,490,Glued
395,Romance,491,Glued
395,Romance,491,Glued
395,Romance,491,Glued
395,Romance,492,Glued
396,Romance,492,Glued
396,Romance,493,Glued
396,Romance,493,Glued
396,Romance,493,Glued
396,Romance,493,Glued
396,Romance,494,Glued
396,Romance,494,Glued
396,Romance,494,Glued
396,Romance,494,Glued
396,Romance,494,Glued
396,Romance,495,Glued
396,Romance,495,Glued
396,Romance,495,Glued
396,Romance,496,Glued
396,Romance,496,Glued
396,Romance,497,Glued
396,Romance,497,Glued
396,Romance,497,Glued
397,Romance,497,Glued
397,Romance,498,Glued
397,Romance,499,Glued
397,Romance,500,Glued
397,Romance,501,Glued
397,Romance,503,Glued
397,Romance,504,Glued
397,Romance,504,Glued
397,Romance,505,Glued
397,Romance,505,Glued
397,Romance,505,Glued
397,Romance,506,Glued
397,Romance,507,Glued
397,Romance,508,Glued
397,Romance,508,Glued
397,Romance,509,Glued
397,Romance,510,Glued
397,Romance,510,Glued
397,Romance,511,Glued
397,Romance,515,Glued
398,Romance,516,Glued
398,Romance,516,Glued
398,Romance,516,Glued
398,Romance,520,Glued
398,Romance,521,Glued
398,Romance,522,Glued
398,Romance,523,Glued
398,Romance,525,Glued
398,Romance,526,Glued
398,Romance,527,Glued
398,Romance,527,Glued
398,Romance,528,Glued
398,Romance,529,Glued
398,Romance,537,Glued
398,Romance,538,Sewn
398,Romance,538,Sewn
398,Romance,538,Glued
398,Romance,539,Sewn
398,Romance,543,Sewn
398,Romance,544,Sewn
398,Romance,544,Sewn
399,Romance,547,Sewn
399,Romance,550,Sewn
399,Romance,554,Glued
399,Romance,556,Sewn
399,Romance,564,Sewn
399,Romance,564,Glued
399,Romance,568,Sewn
399,Romance,569,Sewn
399,Romance,569,Glued
399,Romance,570,Glued
399,Romance,573,Sewn
399,Romance,574,Sewn
399,Romance,575,Sewn
399,Romance,575,Sewn
399,Romance,578,Sewn
399,Romance,580,Sewn
400,Romance,583,Sewn
400,Romance,586,Sewn
400,Romance,586,Sewn
400,Romance,587,Sewn
400,Romance,587,Sewn
400,Romance,588,Sewn
400,Romance,588,Sewn
400,Romance,589,Sewn
400,Romance,590,Sewn
400,Romance,590,Sewn
400,Romance,592,Sewn
400,Romance,593,Sewn
400,Romance,594,Sewn
400,Romance,596,Sewn
400,Romance,598,Sewn
400,Romance,601,Sewn
400,Romance,601,Sewn
400,Romance,608,Sewn
400,Romance,608,Sewn
401,Romance,611,Sewn
401,Romance,613,Sewn
401,Romance,613,Sewn
401,Romance,614,Sewn
401,Romance,615,Sewn
401,Romance,617,Sewn
401,Romance,618,Sewn
401,Romance,618,Sewn
401,Romance,618,Sewn
401,Romance,621,Sewn
401,Romance,622,Sewn
401,Romance,622,Sewn
401,Romance,624,Sewn
401,Romance,625,Sewn
401,Romance,626,Sewn
402,Romance,627,Sewn
402,Romance,627,Sewn
402,Romance,629,Sewn
402,Romance,631,Sewn
402,Romance,632,Sewn
402,Romance,632,Sewn
402,Romance,632,Sewn
402,Romance,632,Sewn
402,Romance,635,Sewn
402,Romance,635,Sewn
402,Romance,636,Sewn
402,Romance,638,Sewn
402,Romance,638,Sewn
402,Romance,638,Sewn
402,Romance,639,Sewn
402,Romance,639,Sewn
402,Romance,639,Sewn
402,Romance,640,Sewn
403,Romance,640,Sewn
403,Romance,641,Sewn
403,Romance,642,Sewn
403,Romance,643,Sewn
403,Romance,643,Sewn
403,Romance,643,Sewn
403,Romance,643,Sewn
403,Romance,643,Sewn
403,Romance,643,Sewn
403,Romance,643,Sewn
403,Romance,645,Sewn
403,Romance,645,Sewn
403,Romance,646,Sewn
403,Romance,646,Sewn
403,Romance,646,Sewn
403,Romance,647,Sewn
403,Romance,647,Sewn
403,Romance,648,Sewn
403,Romance,649,Sewn
403,Romance,649,Sewn
403,Romance,649,Sewn
403,Romance,650,Sewn
403,Romance,650,Sewn
404,Romance,651,Sewn
404,Romance,651,Sewn
404,Romance,651,Sewn
404,Romance,651,Sewn
404,Romance,651,Sewn
404,Romance,652,Sewn
404,Romance,652,Sewn
404,Romance,652,Sewn
404,Romance,652,Sewn
404,Romance,652,Sewn
404,Romance,653,Sewn
404,Romance,653,Sewn
404,Romance,653,Sewn
404,Romance,653,Sewn
404,Romance,654,Sewn
404,Romance,654,Sewn
405,Romance,654,Sewn
405,Romance,655,Sewn
405,Romance,655,Sewn
405,Romance,656,Sewn
405,Romance,656,Sewn
405,Romance,656,Sewn
405,Romance,657,Sewn
405,Romance,657,Sewn
405,Romance,657,Sewn
405,Romance,659,Sewn
405,Romance,659,Sewn
405,Romance,660,Sewn
405,Romance,661,Sewn
405,Romance,662,Sewn
405,Romance,662,Sewn
405,Romance,663,Sewn
405,Romance,663,Sewn
405,Romance,663,Sewn
405,Romance,664,Sewn
406,Romance,664,Sewn
406,Romance,664,Sewn
406,Romance,664,Sewn
406,Romance,665,Sewn
406,Romance,665,Sewn
406,Romance,666,Sewn
406,Romance,667,Sewn
406,Romance,667,Sewn
406,Romance,667,Sewn
406,Romance,668,Sewn
407,Romance,668,Sewn
407,Romance,669,Sewn
407,Romance,669,Sewn
407,Romance,669,Sewn
407,Romance,670,Sewn
407,Romance,670,Sewn
407,Romance,671,Sewn
407,Romance,671,Sewn
407,Romance,671,Sewn
407,Romance,671,Sewn
407,Romance,672,Sewn
407,Romance,672,Sewn
407,Romance,672,Sewn
407,Romance,672,Sewn
407,Romance,673,Sewn
408,Romance,674,Sewn
408,Romance,674,Sewn
408,Romance,674,Sewn
408,Romance,674,Sewn
408,Romance,674,Sewn
408,Romance,675,Sewn
408,Romance,676,Sewn
408,Romance,677,Sewn
408,Romance,677,Sewn
408,Romance,677,Sewn
408,Romance,677,Sewn
408,Romance,678,Sewn
408,Romance,678,Sewn
408,Romance,678,Sewn
408,Romance,678,Sewn
408,Romance,678,Sewn
408,Romance,678,Sewn
408,Romance,679,Sewn
408,Romance,679,Sewn
408,Romance,680,Sewn
408,Romance,680,Sewn
408,Romance,680,Sewn
408,Romance,680,Sewn
408,Romance,680,Sewn
408,Romance,680,Sewn
408,Romance,681,Sewn
409,Romance,681,Sewn
409,Romance,681,Sewn
409,Romance,682,Sewn
409,Romance,682,Sewn
409,Romance,682,Sewn
409,Romance,683,Sewn
409,Romance,683,Sewn
409,Romance,683,Sewn
409,Romance,683,Sewn
409,Romance,683,Sewn
409,Romance,683,Sewn
409,Romance,683,Sewn
409,Romance,684,Sewn
409,Romance,684,Sewn
409,Romance,684,Sewn
409,Romance,685,Sewn
409,Romance,685,Sewn
410,Romance,685,Sewn
410,Romance,685,Sewn
410,Romance,685,Sewn
410,Romance,686,Sewn
410,Romance,686,Sewn
410,Romance,686,Sewn
410,Romance,686,Sewn
410,Romance,686,Sewn
410,Romance,686,Sewn
410,Romance,686,Sewn
410,Romance,687,Sewn
410,Romance,687,Sewn
410,Romance,687,Sewn
410,Romance,687,Sewn
410,Romance,688,Sewn
410,Romance,688,Sewn
410,Romance,688,Sewn
410,Romance,688,Sewn
410,Romance,689,Sewn
411,Romance,689,Sewn
411,Romance,690,Sewn
411,Romance,690,Sewn
411,Romance,690,Sewn
411,Romance,690,Sewn
411,Romance,691,Sewn
411,Romance,691,Sewn
411,Romance,691,Sewn
411,Romance,691,Sewn
411,Romance,691,Sewn
411,Romance,691,Sewn
411,Romance,692,Sewn
411,Romance,692,Sewn
411,Romance,692,Sewn
411,Romance,693,Sewn
411,Romance,693,Sewn
411,Romance,693,Sewn
412,Romance,693,Sewn
412,Romance,694,Sewn
412,Romance,694,Sewn
412,Romance,694,Sewn
412,Romance,694,Sewn
412,Romance,694,Sewn
412,Romance,695,Sewn
412,Romance,695,Sewn
412,Romance,696,Sewn
412,Romance,696,Sewn
412,Romance,697,Sewn
412,Romance,697,Sewn
412,Romance,697,Sewn
412,Romance,698,Sewn
412,Romance,699,Sewn
412,Romance,700,Sewn
413,Romance,700,Sewn
413,Romance,700,Sewn
413,Romance,701,Sewn
413,Romance,701,Sewn
413,Romance,701,Sewn
413,Romance,701,Sewn
413,Romance,701,Sewn
413,Romance,702,Sewn
413,Romance,702,Sewn
413,Romance,702,Sewn
413,Romance,703,Sewn
413,Romance,703,Sewn
413,Romance,703,Sewn
413,Romance,703,Sewn
413,Romance,704,Sewn
413,Romance,704,Sewn
413,Noir,704,Sewn
413,Noir,704,Sewn
414,Romance,705,Sewn
414,Romance,705,Sewn
414,Romance,705,Sewn
414,Romance,705,Sewn
414,Romance,706,Sewn
414,Romance,706,Sewn
414,Romance,706,Sewn
414,Romance,707,Sewn
414,Romance,707,Sewn
414,Romance,708,Sewn
414,Romance,708,Sewn
414,Romance,708,Sewn
415,Romance,708,Sewn
415,Romance,708,Sewn
415,Romance,708,Sewn
415,Romance,708,Sewn
415,Romance,708,Sewn
415,Romance,708,Sewn
415,Romance,708,Sewn
416,Romance,708,Sewn
416,Romance,708,Sewn
416,Romance,709,Sewn
416,Romance,709,Sewn
416,Romance,709,Sewn
416,Romance,709,Sewn
416,Romance,709,Sewn
416,Romance,710,Sewn
416,Romance,710,Sewn
416,Romance,711,Sewn
416,Romance,711,Sewn
416,Romance,711,Sewn
416,Romance,711,Sewn
416,Romance,711,Sewn
416,Romance,711,Sewn
416,Romance,712,Sewn
416,Romance,713,Sewn
417,Romance,713,Sewn
417,Romance,714,Sewn
417,Romance,714,Sewn
417,Romance,714,Sewn
417,Romance,714,Sewn
417,Romance,714,Sewn
417,Romance,714,Sewn
417,Romance,714,Sewn
417,Romance,715,Sewn
417,Romance,715,Sewn
417,Romance,715,Sewn
417,Romance,715,Sewn
417,Romance,715,Sewn
417,Noir,716,Sewn
418,Romance,716,Sewn
418,Romance,716,Sewn
418,Romance,716,Sewn
418,Romance,716,Sewn
418,Romance,716,Sewn
418,Romance,717,Sewn
418,Romance,717,Sewn
418,Romance,717,Sewn
419,Romance,717,Sewn
419,Romance,717,Sewn
419,Romance,717,Sewn
419,Romance,717,Sewn
419,Romance,717,Sewn
419,Romance,718,Sewn
419,Romance,719,Sewn
419,Romance,719,Sewn
419,Romance,719,Sewn
419,Romance,720,Sewn
419,Romance,720,Sewn
420,Romance,720,Sewn
420,Romance,720,Sewn
420,Romance,720,Sewn
420,Romance,721,Sewn
420,Romance,721,Sewn
420,Romance,722,Sewn
420,Romance,722,Sewn
420,Romance,722,Sewn
420,Romance,722,Sewn
420,Romance,723,Sewn
420,Romance,723,Sewn
421,Romance,723,Sewn
421,Romance,723,Sewn
421,Romance,723,Sewn
421,Romance,723,Sewn
421,Romance,723,Sewn
421,Romance,724,Sewn
421,Romance,724,Sewn
421,Romance,724,Sewn
421,Romance,724,Sewn
421,Romance,724,Sewn
421,Romance,725,Sewn
421,Romance,725,Sewn
421,Noir,725,Sewn
422,Romance,725,Sewn
422,Romance,725,Sewn
422,Romance,725,Sewn
422,Romance,726,Sewn
422,Romance,726,Sewn
422,Romance,727,Sewn
422,Romance,727,Sewn
422,Romance,727,Sewn
422,Romance,727,Sewn
422,Romance,727,Sewn
422,Noir,727,Sewn
423,Romance,727,Sewn
423,Romance,727,Sewn
423,Romance,727,Sewn
423,Romance,728,Sewn
423,Romance,728,Sewn
423,Romance,728,Sewn
423,Romance,729,Sewn
423,Romance,729,Sewn
423,Romance,729,Sewn
423,Romance,729,Sewn
423,Romance,730,Sewn
424,Romance,730,Sewn
424,Romance,730,Sewn
424,Romance,730,Sewn
424,Romance,730,Sewn
424,Romance,731,Sewn
424,Romance,732,Sewn
424,Romance,732,Sewn
424,Romance,732,Sewn
424,Romance,732,Sewn
424,Romance,733,Sewn
425,Romance,733,Sewn
425,Romance,733,Sewn
425,Romance,733,Sewn
425,Romance,733,Sewn
425,Romance,733,Sewn
425,Romance,733,Sewn
425,Romance,733,Sewn
425,Romance,734,Sewn
426,Romance,734,Sewn
426,Romance,734,Sewn
426,Romance,735,Sewn
426,Romance,735,Sewn
426,Romance,736,Sewn
426,Romance,736,Sewn
426,Romance,736,Sewn
426,Romance,736,Sewn
426,Romance,736,Sewn
426,Noir,737,Sewn
427,Romance,737,Sewn
427,Romance,738,Sewn
427,Romance,738,Sewn
427,Romance,738,Sewn
427,Romance,738,Sewn
427,Romance,738,Sewn
427,Noir,738,Sewn
427,Noir,738,Sewn
427,Noir,739,Sewn
428,Romance,739,Sewn
428,Romance,739,Sewn
428,Romance,740,Sewn
428,Romance,740,Sewn
428,Romance,740,Sewn
428,Romance,740,Sewn
428,Romance,740,Sewn
428,Romance,740,Sewn
428,Romance,741,Sewn
428,Romance,741,Sewn
429,Romance,741,Sewn
429,Romance,741,Sewn
429,Romance,741,Sewn
429,Romance,741,Sewn
429,Romance,741,Sewn
429,Romance,742,Sewn
429,Romance,742,Sewn
430,Romance,742,Sewn
430,Romance,742,Sewn
430,Romance,742,Sewn
430,Romance,743,Sewn
430,Romance,743,Sewn
430,Romance,743,Sewn
430,Romance,743,Sewn
430,Romance,743,Sewn
430,Romance,743,Sewn
430,Noir,743,Sewn
431,Romance,744,Sewn
431,Romance,744,Sewn
431,Romance,744,Sewn
431,Romance,744,Sewn
431,Romance,744,Sewn
431,Romance,745,Sewn
431,Noir,745,Sewn
432,Romance,745,Sewn
432,Romance,746,Sewn
432,Romance,746,Sewn
432,Romance,746,Sewn
432,Romance,746,Sewn
432,Romance,746,Sewn
432,Romance,746,Sewn
432,Noir,746,Sewn
432,Noir,747,Sewn
433,Romance,747,Sewn
433,Romance,748,Sewn
433,Romance,748,Sewn
433,Romance,748,Sewn
433,Romance,748,Sewn
433,Romance,748,Sewn
433,Noir,748,Sewn
434,Romance,748,Sewn
434,Romance,748,Sewn
434,Romance,749,Sewn
434,Romance,749,Sewn
434,Romance,750,Sewn
434,Romance,750,Sewn
435,Romance,750,Sewn
435,Romance,750,Sewn
435,Romance,751,Sewn
435,Romance,751,Sewn
435,Romance,752,Sewn
435,Romance,752,Sewn
435,Noir,752,Sewn
435,Noir,752,Sewn
436,Romance,752,Sewn
436,Noir,752,Sewn
437,Romance,753,Sewn
437,Romance,753,Sewn
437,Romance,753,Sewn
437,Noir,754,Sewn
438,Romance,754,Sewn
438,Romance,754,Sewn
438,Romance,754,Sewn
438,Noir,754,Sewn
438,Noir,754,Sewn
438,Noir,754,Sewn
438,Noir,754,Sewn
439,Romance,755,Sewn
439,Romance,755,Sewn
439,Romance,755,Sewn
439,Romance,755,Sewn
439,Noir,756,Sewn
440,Romance,756,Sewn
440,Noir,756,Sewn
441,Romance,756,Sewn
441,Romance,756,Sewn
441,Romance,757,Sewn
441,Noir,757,Sewn
442,Noir,757,Sewn
442,Noir,757,Sewn
442,Noir,757,Sewn
442,Noir,757,Sewn
443,Romance,758,Sewn
443,Noir,758,Sewn
444,Romance,758,Sewn
444,Noir,758,Sewn
444,Noir,758,Sewn
445,Romance,758,Sewn
446,Romance,758,Sewn
446,Romance,758,Sewn
446,Romance,758,Sewn
446,Romance,758,Sewn
446,Noir,759,Sewn
446,Noir,759,Sewn
447,Romance,759,Sewn
447,Noir,759,Sewn
447,Noir,760,Sewn
447,Noir,760,Sewn
447,Noir,760,Sewn
448,Romance,760,Sewn
449,Noir,761,Sewn
449,Noir,761,Sewn
450,Romance,761,Sewn
450,Romance,761,Sewn
450,Noir,761,Sewn
450,Noir,761,Sewn
450,Noir,761,Sewn
450,Noir,761,Sewn
450,Noir,761,Sewn
450,Noir,761,Sewn
451,Romance,762,Sewn
451,Romance,763,Sewn
451,Noir,763,Sewn
451,Noir,763,Sewn
451,Noir,763,Sewn
452,Romance,763,Sewn
452,Noir,763,Sewn
452,Noir,764,Sewn
452,Noir,764,Sewn
453,Romance,764,Sewn
453,Noir,764,Sewn
453,Noir,764,Sewn
453,Noir,765,Sewn
454,Romance,765,Sewn
454,Noir,765,Sewn
454,Noir,765,Sewn
454,Noir,765,Sewn
454,Noir,765,Sewn
454,Noir,765,Sewn
454,Noir,765,Sewn
455,Noir,765,Sewn
455,Noir,766,Sewn
455,Noir,766,Sewn
455,Noir,766,Sewn
455,Noir,766,Sewn
455,Noir,766,Sewn
455,Noir,767,Sewn
456,Noir,767,Sewn
456,Noir,768,Sewn
456,Noir,768,Sewn
456,Noir,768,Sewn
457,Noir,768,Sewn
457,Noir,768,Sewn
458,Noir,769,Sewn
458,Noir,769,Sewn
458,Noir,769,Sewn
458,Noir,769,Sewn
458,Noir,769,Sewn
458,Noir,769,Sewn
458,Noir,769,Sewn
458,Noir,769,Sewn
458,Noir,770,Sewn
458,Noir,770,Sewn
458,Noir,770,Sewn
459,Noir,770,Sewn
459,Noir,770,Sewn
459,Noir,771,Sewn
459,Noir,771,Sewn
459,Noir,771,Sewn
460,Noir,771,Sewn
460,Noir,771,Sewn
460,Noir,771,Sewn
460,Noir,771,Sewn
460,Noir,771,Sewn
460,Noir,772,Sewn
460,Noir,772,Sewn
460,Noir,772,Sewn
460,Noir,772,Sewn
461,Noir,772,Sewn
461,Noir,773,Sewn
461,Noir,773,Sewn
461,Noir,773,Sewn
461,Noir,773,Sewn
461,Noir,773,Sewn
462,Noir,773,Sewn
462,Noir,773,Sewn
463,Noir,773,Sewn
463,Noir,773,Sewn
463,Noir,773,Sewn
463,Noir,774,Sewn
463,Noir,774,Sewn
463,Noir,774,Sewn
463,Noir,774,Sewn
463,Noir,774,Sewn
464,Noir,774,Sewn
464,Noir,774,Sewn
464,Noir,774,Sewn
464,Noir,774,Sewn
464,Noir,775,Sewn
464,Noir,775,Sewn
465,Noir,775,Sewn
465,Noir,775,Sewn
465,Noir,775,Sewn
465,Noir,775,Sewn
465,Noir,776,Sewn
465,Noir,776,Sewn
465,Noir,776,Sewn
465,Noir,776,Sewn
466,Noir,776,Sewn
466,Noir,776,Sewn
467,Noir,776,Sewn
467,Noir,776,Sewn
467,Noir,777,Sewn
467,Noir,777,Sewn
467,Noir,777,Sewn
468,Noir,777,Sewn
468,Noir,777,Sewn
468,Noir,777,Sewn
468,Noir,777,Sewn
468,Noir,777,Sewn
469,Noir,777,Sewn
469,Noir,778,Sewn
469,Noir,778,Sewn
469,Noir,778,Sewn
469,Noir,778,Sewn
469,Noir,778,Sewn
469,Noir,778,Sewn
470,Noir,778,Sewn
470,Noir,779,Sewn
470,Noir,779,Sewn
470,Noir,779,Sewn
470,Noir,779,Sewn
470,Noir,779,Sewn
470,Noir,780,Sewn
470,Noir,780,Sewn
470,Noir,780,Sewn
471,Noir,780,Sewn
471,Noir,780,Sewn
471,Noir,781,Sewn
471,Noir,781,Sewn
471,Noir,781,Sewn
471,Noir,781,Sewn
471,Noir,781,Sewn
472,Noir,781,Sewn
472,Noir,781,Sewn
472,Noir,782,Sewn
472,Noir,782,Sewn
472,Noir,782,Sewn
472,Noir,782,Sewn
472,Noir,782,Sewn
472,Noir,782,Sewn
472,Noir,782,Sewn
473,Noir,782,Sewn
473,Noir,782,Sewn
473,Noir,783,Sewn
473,Noir,783,Sewn
473,Noir,783,Sewn
473,Noir,783,Sewn
473,Noir,784,Sewn
473,Noir,784,Sewn
473,Noir,784,Sewn
473,Noir,784,Sewn
474,Noir,784,Sewn
474,Noir,784,Sewn
474,Noir,784,Sewn
474,Noir,784,Sewn
474,Noir,785,Sewn
474,Noir,785,Sewn
474,Noir,785,Sewn
474,Noir,785,Sewn
474,Noir,785,Sewn
475,Noir,785,Sewn
475,Noir,785,Sewn
475,Noir,786,Sewn
475,Noir,786,Sewn
475,Noir,786,Sewn
475,Noir,786,Sewn
475,Noir,786,Sewn
475,Noir,786,Sewn
475,Noir,787,Sewn
475,Noir,787,Sewn
475,Noir,787,Sewn
476,Noir,787,Sewn
476,Noir,787,Sewn
476,Noir,787,Sewn
476,Noir,787,Sewn
476,Noir,788,Sewn
476,Noir,788,Sewn
476,Noir,788,Sewn
476,Noir,788,Sewn
476,Noir,788,Sewn
476,Noir,788,Sewn
476,Noir,788,Sewn
476,Noir,789,Sewn
476,Noir,789,Sewn
476,Noir,789,Sewn
477,Noir,789,Sewn
477,Noir,789,Sewn
477,Noir,790,Sewn
477,Noir,790,Sewn
477,Noir,790,Sewn
477,Noir,790,Sewn
477,Noir,790,Sewn
477,Noir,791,Sewn
477,Noir,791,Sewn
477,Noir,791,Sewn
477,Noir,791,Sewn
477,Noir,792,Sewn
477,Noir,792,Sewn
478,Noir,792,Sewn
478,Noir,792,Sewn
478,Noir,792,Sewn
478,Noir,792,Sewn
478,Noir,793,Sewn
479,Noir,793,Sewn
479,Noir,793,Sewn
479,Noir,793,Sewn
479,Noir,794,Sewn
479,Noir,794,Sewn
479,Noir,794,Sewn
479,Noir,794,Sewn
479,Noir,794,Sewn
479,Noir,794,Sewn
479,Noir,794,Sewn
479,Noir,795,Sewn
480,Noir,795,Sewn
480,Noir,795,Sewn
480,Noir,795,Sewn
480,Noir,795,Sewn
480,Noir,795,Sewn
480,Noir,795,Sewn
480,Noir,795,Sewn
480,Noir,796,Sewn
480,Noir,796,Sewn
480,Noir,796,Sewn
480,Noir,796,Sewn
480,Noir,796,Sewn
480,Noir,797,Sewn
480,Noir,797,Sewn
480,Noir,797,Sewn
481,Noir,797,Sewn
481,Noir,797,Sewn
481,Noir,797,Sewn
481,Noir,798,Sewn
481,Noir,798,Sewn
481,Noir,798,Sewn
481,Noir,798,Sewn
481,Noir,798,Sewn
481,Noir,798,Sewn
481,Noir,799,Sewn
481,Noir,799,Sewn
481,Noir,799,Sewn
481,Noir,799,Sewn
481,Noir,799,Sewn
481,Noir,799,Sewn
481,Noir,800,Sewn
481,Noir,800,Sewn
481,Noir,800,Sewn
482,Noir,800,Sewn
482,Noir,800,Sewn
482,Noir,801,Sewn
482,Noir,801,Sewn
482,Noir,801,Sewn
482,Noir,802,Sewn
482,Noir,802,Sewn
482,Noir,802,Sewn
482,Noir,802,Sewn
482,Noir,802,Sewn
482,Noir,803,Sewn
482,Noir,803,Sewn
482,Noir,803,Sewn
482,Noir,803,Sewn
483,Noir,803,Sewn
483,Noir,803,Sewn
483,Noir,804,Sewn
483,Noir,804,Sewn
483,Noir,804,Sewn
483,Noir,804,Sewn
483,Noir,804,Sewn
484,Noir,804,Sewn
484,Noir,804,Sewn
484,Noir,805,Sewn
484,Noir,805,Sewn
484,Noir,805,Sewn
484,Noir,806,Sewn
484,Noir,806,Sewn
484,Noir,806,Sewn
485,Noir,806,Sewn
485,Noir,806,Sewn
485,Noir,807,Sewn
485,Noir,807,Sewn
485,Noir,807,Sewn
485,Noir,807,Sewn
485,Noir,807,Sewn
485,Noir,807,Sewn
486,Noir,807,Sewn
486,Noir,807,Sewn
486,Noir,808,Sewn
486,Noir,808,Sewn
486,Noir,808,Sewn
486,Noir,808,Sewn
486,Noir,809,Sewn
486,Noir,809,Sewn
486,Noir,809,Sewn
486,Noir,809,Sewn
486,Noir,810,Sewn
486,Noir,810,Sewn
486,Noir,810,Sewn
486,Noir,810,Sewn
487,Noir,811,Sewn
487,Noir,811,Sewn
487,Noir,811,Sewn
487,Noir,811,Sewn
487,Noir,811,Sewn
487,Noir,811,Sewn
487,Noir,812,Sewn
487,Noir,812,Sewn
487,Noir,812,Sewn
487,Noir,812,Sewn
487,Noir,812,Sewn
487,Noir,812,Sewn
487,Noir,812,Sewn
487,Noir,812,Sewn
488,Noir,812,Sewn
488,Noir,813,Sewn
488,Noir,813,Sewn
488,Noir,813,Sewn
488,Noir,814,Sewn
488,Noir,814,Sewn
488,Noir,814,Sewn
488,Noir,814,Sewn
488,Noir,814,Sewn
488,Noir,814,Sewn
488,Noir,815,Sewn
488,Noir,815,Sewn
488,Noir,815,Sewn
489,Noir,815,Sewn
489,Noir,816,Sewn
489,Noir,816,Sewn
489,Noir,816,Sewn
489,Noir,816,Sewn
489,Noir,817,Sewn
489,Noir,817,Sewn
489,Noir,817,Sewn
489,Noir,817,Sewn
489,Noir,817,Sewn
489,Noir,817,Sewn
489,Noir,817,Sewn
489,Noir,818,Sewn
489,Noir,818,Sewn
490,Noir,818,Sewn
490,Noir,818,Sewn
490,Noir,818,Sewn
490,Noir,818,Sewn
490,Noir,818,Sewn
490,Noir,818,Sewn
490,Noir,819,Sewn
490,Noir,819,Sewn
490,Noir,819,Sewn
490,Noir,819,Sewn
490,Noir,819,Sewn
490,Noir,819,Sewn
490,Noir,819,Sewn
490,Noir,819,Sewn
490,Noir,819,Sewn
490,Noir,820,Sewn
490,Noir,820,Sewn
490,Noir,820,Sewn
490,Noir,820,Sewn
491,Noir,821,Sewn
491,Noir,821,Sewn
491,Noir,821,Sewn
491,Noir,822,Sewn
491,Noir,822,Sewn
491,Noir,822,Sewn
491,Noir,822,Sewn
491,Noir,822,Sewn
492,Noir,822,Sewn
492,Noir,822,Sewn
492,Noir,823,Sewn
492,Noir,823,Sewn
492,Noir,823,Sewn
492,Noir,823,Sewn
492,Noir,823,Sewn
493,Noir,823,Sewn
493,Noir,824,Sewn
493,Noir,824,Sewn
493,Noir,824,Sewn
493,Noir,824,Sewn
493,Noir,825,Sewn
493,Noir,825,Sewn
493,Noir,825,Sewn
493,Noir,825,Sewn
493,Noir,825,Sewn
493,Noir,825,Sewn
493,Noir,826,Sewn
493,Noir,826,Sewn
493,Noir,826,Sewn
493,Noir,826,Sewn
493,Noir,826,Sewn
493,Noir,827,Sewn
493,Noir,827,Sewn
493,Noir,827,Sewn
493,Noir,827,Sewn
493,Noir,827,Sewn
493,Noir,827,Sewn
494,Noir,827,Sewn
494,Noir,827,Sewn
494,Noir,827,Sewn
494,Noir,828,Sewn
494,Noir,828,Sewn
494,Noir,828,Sewn
494,Noir,828,Sewn
494,Noir,828,Sewn
494,Noir,829,Sewn
494,Noir,829,Sewn
494,Noir,829,Sewn
494,Noir,829,Sewn
495,Noir,829,Sewn
495,Noir,829,Sewn
495,Noir,829,Sewn
495,Noir,829,Sewn
495,Noir,829,Sewn
495,Noir,830,Sewn
495,Noir,830,Sewn
495,Noir,830,Sewn
495,Noir,830,Sewn
495,Noir,830,Sewn
495,Noir,830,Sewn
496,Noir,830,Sewn
496,Noir,831,Sewn
496,Noir,831,Sewn
496,Noir,831,Sewn
496,Noir,831,Sewn
496,Noir,831,Sewn
496,Noir,831,Sewn
496,Noir,832,Sewn
496,Noir,832,Sewn
496,Noir,832,Sewn
497,Noir,832,Sewn
497,Noir,832,Sewn
497,Noir,832,Sewn
497,Noir,832,Sewn
497,Noir,832,Sewn
497,Noir,832,Sewn
497,Noir,833,Sewn
497,Noir,833,Sewn
497,Noir,833,Sewn
497,Noir,833,Sewn
497,Noir,833,Sewn
497,Noir,833,Sewn
497,Noir,833,Sewn
498,Noir,833,Sewn
498,Noir,833,Sewn
498,Noir,834,Sewn
498,Noir,834,Sewn
498,Noir,834,Sewn
498,Noir,834,Sewn
498,Noir,834,Sewn
498,Noir,835,Sewn
498,Noir,835,Sewn
498,Noir,835,Sewn
498,Noir,836,Sewn
498,Noir,836,Sewn
498,Noir,836,Sewn
498,Noir,836,Sewn
498,Noir,836,Sewn
498,Noir,836,Sewn
498,Noir,837,Sewn
498,Noir,837,Sewn
498,Noir,837,Sewn
498,Noir,838,Sewn
498,Noir,838,Sewn
498,Noir,838,Sewn
499,Noir,838,Sewn
499,Noir,839,Sewn
499,Noir,839,Sewn
499,Noir,839,Sewn
499,Noir,839,Sewn
499,Noir,839,Sewn
499,Noir,839,Sewn
499,Noir,839,Sewn
499,Noir,839,Sewn
499,Noir,839,Sewn
499,Noir,839,Sewn
499,Noir,839,Sewn
499,Noir,839,Sewn
499,Noir,839,Sewn
499,Noir,839,Sewn
500,Noir,840,Sewn
500,Noir,840,Sewn
500,Noir,840,Sewn
500,Noir,840,Sewn
500,Noir,841,Sewn
500,Noir,841,Sewn
500,Noir,841,Sewn
500,Noir,841,Sewn
500,Noir,841,Sewn
500,Noir,841,Sewn
500,Noir,842,Sewn
501,Noir,842,Sewn
501,Noir,842,Sewn
501,Noir,842,Sewn
501,Noir,842,Sewn
501,Noir,843,Sewn
501,Noir,843,Sewn
501,Noir,843,Sewn
501,Noir,844,Sewn
501,Noir,844,Sewn
501,Noir,844,Sewn
501,Noir,844,Sewn
501,Noir,844,Sewn
501,Noir,844,Sewn
501,Noir,844,Sewn
502,Noir,844,Sewn
502,Noir,844,Sewn
502,Noir,844,Sewn
502,Noir,844,Sewn
502,Noir,844,Sewn
502,Noir,844,Sewn
502,Noir,845,Sewn
502,Noir,845,Sewn
502,Noir,845,Sewn
502,Noir,845,Sewn
502,Noir,845,Sewn
502,Noir,845,Sewn
502,Noir,845,Sewn
502,Noir,846,Sewn
502,Noir,846,Sewn
502,Noir,846,Sewn
502,Noir,846,Sewn
502,Noir,846,Sewn
502,Noir,847,Sewn
503,Noir,847,Sewn
503,Noir,848,Sewn
503,Noir,848,Sewn
503,Noir,848,Sewn
503,Noir,848,Sewn
503,Noir,848,Sewn
503,Noir,848,Sewn
503,Noir,849,Sewn
503,Noir,849,Sewn
504,Noir,849,Sewn
504,Noir,849,Sewn
504,Noir,849,Sewn
504,Noir,849,Sewn
504,Noir,850,Sewn
504,Noir,850,Sewn
504,Noir,850,Sewn
504,Noir,851,Sewn
504,Noir,851,Sewn
504,Noir,851,Sewn
504,Noir,851,Sewn
504,Noir,851,Sewn
504,Noir,851,Sewn
504,Noir,851,Sewn
504,Noir,852,Sewn
504,Noir,852,Sewn
504,Noir,852,Sewn
505,Noir,852,Sewn
505,Noir,852,Sewn
505,Noir,852,Sewn
505,Noir,853,Sewn
505,Noir,853,Sewn
505,Noir,853,Sewn
505,Noir,853,Sewn
505,Noir,853,Sewn
505,Noir,853,Sewn
505,Noir,853,Sewn
505,Noir,853,Sewn
505,Noir,853,Sewn
505,Noir,853,Sewn
505,Noir,854,Sewn
505,Noir,854,Sewn
506,Noir,854,Sewn
506,Noir,854,Sewn
506,Noir,854,Sewn
506,Noir,854,Sewn
506,Noir,855,Sewn
506,Noir,855,Sewn
506,Noir,856,Sewn
506,Noir,856,Sewn
506,Noir,856,Sewn
506,Noir,856,Sewn
506,Noir,857,Sewn
507,Noir,857,Sewn
507,Noir,857,Sewn
507,Noir,857,Sewn
507,Noir,857,Sewn
507,Noir,857,Sewn
507,Noir,857,Sewn
507,Noir,857,Sewn
507,Noir,857,Sewn
508,Noir,857,Sewn
508,Noir,857,Sewn
508,Noir,858,Sewn
508,Noir,858,Sewn
508,Noir,858,Sewn
508,Noir,858,Sewn
508,Noir,858,Sewn
508,Noir,858,Sewn
508,Noir,858,Sewn
509,Noir,859,Sewn
509,Noir,859,Sewn
509,Noir,859,Sewn
509,Noir,860,Sewn
509,Noir,860,Sewn
509,Noir,860,Sewn
509,Noir,860,Sewn
509,Noir,861,Sewn
509,Noir,861,Sewn
509,Noir,861,Sewn
509,Noir,861,Sewn
509,Noir,861,Sewn
509,Noir,861,Sewn
510,Noir,861,Sewn
510,Noir,862,Sewn
510,Noir,862,Sewn
510,Noir,862,Sewn
510,Noir,862,Sewn
510,Noir,862,Sewn
510,Noir,862,Sewn
511,Noir,862,Sewn
511,Noir,862,Sewn
511,Noir,862,Sewn
511,Noir,863,Sewn
511,Noir,863,Sewn
511,Noir,863,Sewn
511,Noir,863,Sewn
511,Noir,864,Sewn
511,Noir,864,Sewn
511,Noir,865,Sewn
511,Noir,865,Sewn
511,Noir,865,Sewn
511,Noir,865,Sewn
511,Noir,866,Sewn
511,Noir,867,Sewn
511,Noir,867,Sewn
511,Noir,867,Sewn
511,Noir,867,Sewn
511,Noir,867,Sewn
511,Noir,867,Sewn
512,Noir,868,Sewn
512,Noir,868,Sewn
512,Noir,868,Sewn
512,Noir,868,Sewn
512,Noir,869,Sewn
512,Noir,869,Sewn
512,Noir,869,Sewn
512,Noir,870,Sewn
512,Noir,870,Sewn
512,Noir,870,Sewn
513,Noir,870,Sewn
513,Noir,870,Sewn
513,Noir,871,Sewn
513,Noir,871,Sewn
513,Noir,871,Sewn
513,Noir,871,Sewn
513,Noir,872,Sewn
513,Noir,872,Sewn
513,Noir,872,Sewn
513,Noir,873,Sewn
514,Noir,873,Sewn
514,Noir,873,Sewn
514,Noir,873,Sewn
514,Noir,873,Sewn
514,Noir,874,Sewn
514,Noir,874,Sewn
514,Noir,874,Sewn
514,Noir,874,Sewn
514,Noir,875,Sewn
514,Noir,875,Sewn
514,Noir,875,Sewn
515,Noir,875,Sewn
515,Noir,875,Sewn
515,Noir,875,Sewn
515,Noir,876,Sewn
515,Noir,876,Sewn
515,Noir,876,Sewn
515,Noir,876,Sewn
515,Noir,876,Sewn
516,Noir,877,Sewn
516,Noir,878,Sewn
516,Noir,878,Sewn
516,Noir,879,Sewn
516,Noir,879,Sewn
516,Noir,879,Sewn
516,Noir,879,Sewn
516,Noir,879,Sewn
516,Noir,880,Sewn
516,Noir,880,Sewn
517,Noir,880,Sewn
517,Noir,880,Sewn
517,Noir,880,Sewn
517,Noir,880,Sewn
517,Noir,881,Sewn
517,Noir,881,Sewn
517,Noir,881,Sewn
517,Noir,882,Sewn
517,Noir,882,Sewn
517,Noir,882,Sewn
518,Noir,882,Sewn
518,Noir,882,Sewn
518,Noir,883,Sewn
518,Noir,883,Sewn
518,Noir,883,Sewn
518,Noir,883,Sewn
518,Noir,884,Sewn
518,Noir,884,Sewn
518,Noir,884,Sewn
518,Noir,885,Sewn
518,Noir,885,Sewn
518,Noir,885,Sewn
519,Noir,886,Sewn
519,Noir,886,Sewn
519,Noir,886,Sewn
519,Noir,886,Sewn
519,Noir,886,Sewn
519,Noir,886,Sewn
519,Noir,887,Sewn
519,Noir,888,Sewn
519,Noir,889,Sewn
520,Noir,889,Sewn
520,Noir,889,Sewn
520,Noir,889,Sewn
520,Noir,890,Sewn
520,Noir,890,Sewn
520,Noir,890,Sewn
520,Noir,890,Sewn
521,Noir,890,Sewn
521,Noir,891,Sewn
521,Noir,892,Sewn
521,Noir,892,Sewn
521,Noir,893,Sewn
521,Noir,893,Sewn
521,Noir,893,Sewn
521,Noir,893,Sewn
522,Noir,893,Sewn
522,Noir,893,Sewn
522,Noir,893,Sewn
522,Noir,894,Sewn
522,Noir,894,Sewn
522,Noir,894,Sewn
522,Noir,894,Sewn
522,Noir,895,Sewn
522,Noir,895,Sewn
522,Noir,896,Sewn
522,Noir,896,Sewn
522,Noir,896,Sewn
523,Noir,896,Sewn
523,Noir,897,Sewn
523,Noir,898,Sewn
523,Noir,898,Sewn
523,Noir,899,Sewn
523,Noir,899,Sewn
523,Noir,900,Sewn
523,Noir,900,Sewn
523,Noir,900,Sewn
523,Noir,901,Sewn
523,Noir,902,Sewn
523,Noir,902,Sewn
524,Noir,902,Sewn
524,Noir,902,Sewn
524,Noir,903,Sewn
524,Noir,904,Sewn
524,Noir,905,Sewn
524,Noir,905,Sewn
524,Noir,905,Sewn
524,Noir,905,Sewn
525,Noir,905,Sewn
525,Noir,905,Sewn
525,Noir,906,Sewn
525,Noir,906,Sewn
525,Noir,906,Sewn
525,Noir,906,Sewn
525,Noir,906,Sewn
525,Noir,907,Sewn
525,Noir,908,Sewn
525,Noir,908,Sewn
526,Noir,908,Sewn
526,Noir,908,Sewn
526,Noir,908,Sewn
526,Noir,909,Sewn
526,Noir,909,Sewn
526,Noir,909,Sewn
526,Noir,909,Sewn
526,Noir,909,Sewn
527,Noir,910,Sewn
527,Noir,910,Sewn
527,Noir,910,Sewn
527,Noir,910,Sewn
527,Noir,910,Sewn
527,Noir,910,Sewn
527,Noir,911,Sewn
527,Noir,912,Sewn
527,Noir,912,Sewn
527,Noir,913,Sewn
528,Noir,913,Sewn
528,Noir,913,Sewn
528,Noir,913,Sewn
528,Noir,913,Sewn
529,Noir,915,Sewn
529,Noir,915,Sewn
529,Noir,916,Sewn
529,Noir,916,Sewn
529,Noir,917,Sewn
529,Noir,917,Sewn
529,Noir,917,Sewn
529,Noir,918,Sewn
529,Noir,918,Sewn
529,Noir,919,Sewn
529,Noir,919,Sewn
530,Noir,919,Sewn
530,Noir,920,Sewn
530,Noir,920,Sewn
530,Noir,921,Sewn
530,Noir,921,Sewn
531,Noir,922,Sewn
531,Noir,923,Sewn
531,Noir,923,Sewn
531,Noir,923,Sewn
531,Noir,924,Sewn
531,Noir,924,Sewn
531,Noir,925,Sewn
531,Noir,925,Sewn
531,Noir,925,Sewn
531,Noir,926,Sewn
531,Noir,926,Sewn
531,Noir,928,Sewn
532,Noir,928,Sewn
532,Noir,928,Sewn
532,Noir,929,Sewn
533,Noir,929,Sewn
533,Noir,929,Sewn
533,Noir,929,Sewn
533,Noir,930,Sewn
533,Noir,931,Sewn
533,Noir,931,Sewn
533,Noir,932,Sewn
533,Noir,932,Sewn
533,Noir,932,Sewn
534,Noir,932,Sewn
534,Noir,933,Sewn
534,Noir,934,Sewn
535,Noir,934,Sewn
535,Noir,935,Sewn
535,Noir,936,Sewn
535,Noir,936,Sewn
535,Noir,937,Sewn
535,Noir,937,Sewn
535,Noir,937,Sewn
535,Noir,937,Sewn
535,Noir,937,Sewn
535,Noir,938,Sewn
535,Noir,938,Sewn
536,Noir,938,Sewn
536,Noir,938,Sewn
536,Noir,938,Sewn
536,Noir,938,Sewn
536,Noir,939,Sewn
536,Noir,940,Sewn
537,Noir,942,Sewn
537,Noir,942,Sewn
537,Noir,943,Sewn
537,Noir,943,Sewn
537,Noir,944,Sewn
537,Noir,945,Sewn
537,Noir,946,Sewn
538,Noir,947,Sewn
538,Noir,947,Sewn
538,Noir,948,Sewn
538,Noir,949,Sewn
538,Noir,949,Sewn
538,Noir,949,Sewn
538,Noir,950,Sewn
538,Noir,951,Sewn
538,Noir,951,Sewn
539,Noir,951,Sewn
539,Noir,951,Sewn
539,Noir,953,Sewn
539,Noir,955,Sewn
539,Noir,955,Sewn
539,Noir,956,Sewn
539,Noir,957,Sewn
540,Noir,957,Sewn
540,Noir,958,Sewn
540,Noir,958,Sewn
540,Noir,959,Sewn
540,Noir,961,Sewn
540,Noir,961,Sewn
540,Noir,961,Sewn
540,Noir,963,Sewn
541,Noir,963,Sewn
542,Noir,964,Sewn
542,Noir,964,Sewn
542,Noir,964,Sewn
542,Noir,966,Sewn
542,Noir,968,Sewn
542,Noir,969,Sewn
542,Noir,969,Sewn
543,Noir,969,Sewn
543,Noir,969,Sewn
543,Noir,969,Sewn
544,Noir,969,Sewn
544,Noir,970,Sewn
544,Noir,970,Sewn
544,Noir,974,Sewn
544,Noir,974,Sewn
545,Noir,975,Sewn
545,Noir,975,Sewn
545,Noir,976,Sewn
545,Noir,977,Sewn
545,Noir,980,Sewn
546,Noir,981,Sewn
546,Noir,982,Sewn
547,Noir,982,Sewn
547,Noir,982,Sewn
547,Noir,983,Sewn
547,Noir,984,Sewn
548,Noir,984,Sewn
548,Noir,985,Sewn
549,Noir,985,Sewn
549,Noir,985,Sewn
549,Noir,986,Sewn
549,Noir,989,Sewn
550,Noir,990,Sewn
550,Noir,991,Sewn
550,Noir,993,Sewn
551,Noir,994,Sewn
551,Noir,995,Sewn
551,Noir,995,Sewn
551,Noir,996,Sewn
552,Noir,997,Sewn
552,Noir,997,Sewn
552,Noir,998,Sewn
552,Noir,998,Sewn
552,Noir,998,Sewn
553,Noir,998,Sewn
553,Noir,999,Sewn
553,Noir,1000,Sewn
555,Noir,1000,Sewn
555,Noir,1001,Sewn
555,Noir,1003,Sewn
555,Noir,1005,Sewn
555,Noir,1006,Sewn
556,Noir,1007,Sewn
556,Noir,1008,Sewn
556,Noir,1008,Sewn
557,Noir,1009,Sewn
557,Noir,1009,Sewn
558,Noir,1010,Sewn
558,Noir,1010,Sewn
559,Noir,1011,Sewn
560,Noir,1012,Sewn
560,Noir,1013,Sewn
561,Noir,1013,Sewn
563,Noir,1014,Sewn
563,Noir,1014,Sewn
566,Noir,1014,Sewn
566,Noir,1014,Sewn
567,Noir,1026,Sewn
567,Noir,1026,Sewn
569,Noir,1027,Sewn
569,Noir,1028,Sewn
572,Noir,1030,Sewn
572,Noir,1030,Sewn
572,Noir,1034,Sewn
573,Noir,1038,Sewn
576,Noir,1044,Sewn
576,Noir,1051,Sewn
579,Noir,1053,Sewn
579,Noir,1059,Sewn
581,Noir,1061,Sewn
581,Noir,1069,Sewn
582,Noir,1070,Sewn
584,Noir,1074,Sewn
587,Noir,1094,Sewn
601,Noir,1121,Sewn
606,Noir,1137,Sewn
